1,21,,,DVD,,,
2,23,,,DVD,,,
3,36,Tödliche Rivalen,106,DVD (TV-Movie),,,
4,300,,,DVD,,,
5,… und dann kam Polly,,,DVD,,,
6,…denn zum Küssen sind sie da,,,DVD,,,
7,11:14 elevenfourteen,,82,DVD (TV-Movie),,,
8,12 Monkeys,,125,DVD (TV-Movie),,,
9,12 Stunden Angst,,,DVD (Silverdisc),,,
10,16 Blocks,,,DVD,,,
11,3 Musketiere,,,DVD (Silverdisc),,,
12,8mm,,,DVD,,,
13,96 Hours,,,BluRay,,,
14,Ab durch die Hecke,,,DVD (Silverdisc),,,
15,Aeon Flux,,,DVD,,,
16,Agents Secrets,Im Fadenkreuz des Todes,105,DVD (TV-Movie),,,
17,Airforce One,,,DVD (Silverdisc),,,
18,Alarmstufe: Rot,,,DVD,,,
19,Alarmstufe: Rot 2,,,DVD,,,
20,All Inclusive,,,BluRay,,,
21,Alles erlaubt,,,BluRay,,,
22,Alpha Dog,,112,DVD (TV-Movie),,,
23,American Gangster,,,DVD,,,
24,America's Sweethearts,,98,DVD (TV-Movie),,,
25,Assassins,Die Killer,,DVD,,,
26,Attentat auf Richard Nixon,,,DVD,,,
27,Auf der Jagd,,,DVD,,,
28,Ausnahmezustand,,,DVD (Silverdisc),,,
29,Avatar,,,BluRay,,,
30,Babel,,138,DVD (TV-Movie),,,
31,Babylon A.D.,,,BluRay,,,
32,Backwoods,Die Jagd beginnt!,93,DVD (TV-Movie),,,
33,Bad Boys II,,,DVD,,,
34,Bandidas,,,DVD,,,
35,Basic,Hinter jeder Lüge eine Wahrheit,,DVD,,,
36,Beautiful Girls,,109,DVD (TV-Movie),,,
37,Beim ersten mal,,,DVD,,,
38,Bernard,im ewigen Eis und andere Abenteuer,,DVD,,,
39,Bernard,am Strand und andere Abenteuer,,DVD,,,
40,Besser geht's nicht,,,DVD,,,
41,Beverly Hills 90210,Season 1,,DVD (Silverdisc),,,
42,Beverly Hills 90210,Season 2,,DVD,,,
43,Big Daddy,,,DVD,,,
44,Bin ich schön ?,,112,DVD (TV-Movie),,,
45,Black Rain,,120,DVD (TV-Movie),,,
46,Blade,gekürzte Fassung,106,DVD (TV-Movie),,,
47,Blade II,,,DVD,,,
48,Blade Trinity,,,DVD,,,
49,Blood Diamond,,,DVD (Silverdisc),,,
50,Blood Work,,,DVD,,,
51,Bolt,,,DVD,,,
52,Bride Wars,Beste Feindinnen,,DVD,,,
53,Brügge sehen…und sterben ?,,,BluRay,,,
54,Bube Dame König Gras,,,BluRay,,,
55,Buena Vista Social Club,,,DVD,,,
56,Bulletproof,,,BluRay,,,
57,Burn After Reading,,,BluRay,,,
58,Charmed,Season 1,,DVD (Silverdisc),,,
59,Charmed,Season 2,,DVD (Silverdisc),,,
60,Charmed,Season 3,,DVD (Silverdisc),,,
61,Charmed,Season 4,,DVD (Silverdisc),,,
62,Charmed,Season 5,,DVD (Silverdisc),,,
63,Charmed,Season 6,,DVD (Silverdisc),,,
64,Chocolat,…ein kleiner Biss genügt,121,DVD (TV-Movie),,,
65,Cleaner,Sein Geschäft ist der Tod,85,DVD (TV-Movie),,,
66,Coach Carter,,,DVD,,,
67,Collateral,,,DVD (Silverdisc),,,
68,Collateral Damage,,,DVD (Silverdisc),,,
69,Columbo,Season 6 & 7,,DVD,,,
70,Conair,,,DVD (Silverdisc),,,
71,Conspiracy Theory,,,DVD (Silverdisc),,,
72,Copout,,,BluRay,,,
73,Crank,,,DVD,,,
74,Crimson Tide,,,DVD,,,
75,Crossing Over,,,DVD,,,
76,Daredevil,,128,DVD (TV-Movie),,,
77,Dark Blue,,113,DVD (TV-Movie),,,
78,Das 4. Protokoll,,,DVD (Silverdisc),,,
79,Das 5. Element,,,DVD (Silverdisc),,,
80,Das A-Team,,,BluRay,,,
81,Das Bourne Ultimatum,,,DVD,,,
82,Das fliegende Auge,,,DVD (Silverdisc),,,
83,Das Imperium der Wölfe,,123,DVD (TV-Movie),,,
84,Das Kartell,,136,DVD (TV-Movie),,,
85,Das Mercury Puzzle,,,DVD,,,
86,Das Schwiegermonster,,,DVD,,,
87,Das Streben nach Glück,,,DVD,,,
88,Das Vermächtnis des geheimen Buches,,,DVD,,,
89,Date Night,,,BluRay,,,
90,Dead City,Hölle der Gewalt,,DVD,,,
91,Death Proof,Totsicher,109,DVD (TV-Movie),,,
92,Déjà Vu,,,DVD,,,
93,Der 1. Ritter,,,DVD (Silverdisc),,,
94,Der Anschlag,,,DVD (Silverdisc),,,
95,Der Apartement Schreck,,,DVD,,,
96,Der Beweis,Liebe zwischen Genie und Wahnsinn,,DVD,,,
97,Der Glücksbringer,,,DVD,,,
98,Der goldene Kompass,,,DVD,,,
99,Der Manchurian Kandidat,,,DVD,,,
100,"Der Mann, der niemals lebte",,,DVD,,,
101,Der menschliche Makel,,103,DVD (TV-Movie),,,
102,Der Patriot,,,DVD (Silverdisc),,,
103,Der Schakal,,120,DVD (TV-Movie),,,
104,Der talentierte Mr. Ripley,,134,DVD (TV-Movie),,,
105,Der Teufel trägt Prada,,,DVD,,,
106,Der Untergang,,,DVD,,,
107,Der Zufallslover,,,DVD,,,
108,Diagnosis Murder,Season 1,,DVD,,,
109,Diamond 13,,97,DVD (TV-Movie),,,
110,Dickste Freunde,,,BluRay,,,
111,Die Bluthochzeit,,88,DVD (TV-Movie),,,
112,Die Bourne Identität,,,DVD,,,
113,Die Bourne Verschwörung,,,DVD,,,
114,Die Dolmetscherin,,,DVD,,,
115,Die Entführung der U-Bahn Pelham 123,,,BluRay,,,
116,Die etwas anderen Cops,,,BluRay,,,
117,Die fabelhafte Welt der Amélie,,,DVD,,,
118,Die Familie Stone,Verloben verboten,,DVD,,,
119,Die Fremde in Dir,,,DVD,,,
120,Die Kanonen von Navarone,,,DVD,,,
121,Die Kovak Verschwörung,,104,DVD (TV-Movie),,,
122,Die Legende des Zorro,,,DVD,,,
123,Die Musterknaben,,91,DVD (TV-Movie),,,
124,Die purpurnen Flüsse,,,DVD (Silverdisc),,,
125,Die purpurnen Flüsse 2,,,DVD (Silverdisc),,,
126,Die Reise der Pinguine,,,DVD,,,
127,Die Säulen der Erde,,,BluRay,,,
128,"Die Simpsons Classics ""Bart Wars""",,,DVD,,,
129,Die Unglaublichen,,,DVD (Silverdisc),,,
130,Die Vorahnung,,92,DVD (TV-Movie),,,
131,Die Wutprobe,,,DVD (Silverdisc),,,
132,District 9,,,BluRay,,,
133,Dogma,,,DVD (Silverdisc),,,
134,Drei Engel für Charlie,,,DVD (Silverdisc),,,
135,Drei Engel für Charlie,,,DVD,,,
136,Dropzone,,97,DVD (TV-Movie),,,
137,Duplicity,Gemeinsame Geheimsache,,DVD,,,
138,Eat Pray Love,,,DVD,,,
139,Edison,,,BluRay,,,
140,Ein Königreich für ein Lama,,,DVD (Silverdisc),,,
141,Ein ungezähmtes Leben,,,DVD-Beileger,,,
142,Eine wie keine,,,DVD (Silverdisc),,,
143,Eineinhalb Ritter,,,DVD,,,
144,Entgleist,,,DVD,,,
145,Er steht einfach nicht auf Dich,,,DVD,,,
146,Eragon,,,DVD (Silverdisc),,,
147,Erbarmungslos,,,BluRay,,,
148,Family Guy,Season 1,,DVD,,,
149,FC Venus,,95,DVD (TV-Movie),,,
150,Final Call,,,DVD,,,
151,Firewall,,,DVD,,,
152,Flightplan,Ohne jede Spur,,DVD,,,
153,Flirting With Disaster,,90,DVD (TV-Movie),,,
154,Fluch der Karibik,,,DVD,,,
155,Fluch der Karibik 2,,,DVD,,,
156,Friends With Money,,,DVD,,,
157,From Paris With Love,,,BluRay,,,
158,Get Smart,,,DVD,,,
159,Gran Torino,,,DVD,,,
160,Grosse Haie - Kleine Fische,,,DVD,,,
161,Groupies Forever,,,DVD,,,
162,Haben Sie das von den Morgans gehört ?,,,BluRay,,,
163,Hancock,,,DVD,,,
164,Happy Feet,,,DVD,,,
165,Hard Rain,,,DVD (Silverdisc),,,
166,Harry Potter,Jahre 1 - 6,,BluRay,,,
167,Harry Potter,Die Heiligtümer des Todes (Teil 1),,BluRay,,,
168,Harry Potter 3,Der Gefangene von Askaban,,DVD (Silverdisc),,,
169,Herr der Ringe,,,DVD,,,
170,Herz,,,DVD,,,
171,Hitch,Der Datedoktor,,DVD,,,
172,Hitman,Jeder stirbt alleine,,BluRay (TV Movie),,,
173,Horton hört ein Hu!,,,DVD,,,
174,Hostage,Entführt,,DVD,,,
175,Hostile Waters,,,DVD (Silverdisc),,,
176,I Am Legend,,,DVD,,,
177,I Am Legend,,,DVD,,,
178,I Robot,,,DVD (Silverdisc),,,
179,Im Juli,,,DVD,,,
180,Im Netz der Spinne,,99,DVD (TV-Movie),,,
181,Im Tal von Elah,,116,DVD (TV-Movie),,,
182,In Her Shoes,,,DVD,,,
183,In The Electric Mist,,,DVD,,,
184,In The Line Of Fire,,,DVD,,,
185,Inception,,,BluRay,,,
186,Independence Day,,,DVD (Silverdisc),,,
187,Indiana Jones und das Königreich des Kristallschädels,,,DVD,,,
188,Infernal Affairs I,,96,DVD (TV-Movie),,,
189,Infernal Affairs II,,114,DVD (TV-Movie),,,
190,Inglorious Besterds,,,DVD (Silverdisc),,,
191,Inside Man,,,DVD,,,
192,Insomnia,Schlaflos,,BluRay,,,
193,Invasion,,,DVD,,,
194,Jackie Brown,,,DVD,,,
195,Jagd auf Roter Oktober,,,DVD,,,
196,James Bond: The World Is Not Enough,,,DVD (Silverdisc),,,
197,Jeanne d'Arc,,,DVD (Silverdisc),,,
198,Jennifer 8,,120,DVD (TV-Movie),,,
199,John Rambo,,,DVD,,,
200,Jonny Handsome,,89,DVD (TV-Movie),,,
201,Jumper,,85,DVD (TV-Movie),,,
202,Jurassic Park,Trilogy,,DVD,,,
203,K-19,Showdown in der Tiefe,,DVD (Silverdisc),,,
204,Kein Sterbenswort,,126,DVD (TV-Movie),,,
205,Keine halben Sachen,,95,DVD (TV-Movie),,,
206,KeinOhrHasen,,,DVD,,,
207,Kill Bill Volume 1,,,DVD,,,
208,Kill Bill Volume 2,,,DVD,,,
209,Kill Bobby Z,,93,DVD (TV-Movie),,,
210,Kindsköpfe,,,BluRay,,,
211,King Arthur,,,DVD (Silverdisc),,,
212,Kiss Of Death,,96,DVD (TV-Movie),,,
213,Knowing,,,BluRay,,,
214,Kommisarin Lund,Staffel 1,,DVD,,,
215,Königreich der Himmel,,,DVD (Silverdisc),,,
216,Kopf über Wasser,,89,DVD (TV-Movie),,,
217,Krieg der Welten,,,DVD (Silverdisc),,,
218,Kundun,,,DVD,,,
219,Lammbock,,89,DVD (TV-Movie),,,
220,Leathal Weapon,,,DVD (Silverdisc),,,
221,Leathal Weapon 2,,,DVD (Silverdisc),,,
222,Leathal Weapon 3,,,DVD (Silverdisc),,,
223,Leathal Weapon 4,,,DVD,,,
224,Liebe braucht keine Ferien,,,DVD,,,
225,Liebe in jeder Beziehung,,,DVD,,,
226,Liegen lernen,,,DVD (Silverdisc),,,
227,Little Buddha,,,DVD,,,
228,Lord Of War,Händler des Todes,,DVD,,,
229,Lost Memory,Killer ohne Erinnerung,118,DVD (TV-Movie),,,
230,Madagascar,,,DVD,,,
231,Madagascar 2,,,BluRay,,,
232,Mamma Mia!,,,DVD,,,
233,Man On Fire,,,DVD,,,
234,Manhattan,,,DVD,,,
235,Männerherzen,,,DVD,,,
236,Marley & Ich,,,DVD,,,
237,Matrix,,,DVD,,,
238,Matrix Reloaded,,,DVD,,,
239,Matrix Revolutions,,,DVD,,,
240,"Meine Braut, ihr Vater und ich",Meet the parents,,DVD (Silverdisc),,,
241,"Meine Braut, ihr Vater und ich",,,DVD,,,
242,"Meine Frau, Ihre Schwiegereltern und ich",,,DVD,,,
243,Men In Black,,,DVD (Silverdisc),,,
244,Men in Black II,,,DVD (Silverdisc),,,
245,Men Of Honor,,123,DVD (TV-Movie),,,
246,Mercury Rising,,,DVD (Silverdisc),,,
247,Miami Vice,No Law No Order,,DVD,,,
248,Minority Report,,,DVD (Silverdisc),,,
249,Miss Marple: 16 Uhr 50 ab Paddington,,,DVD,,,
250,Miss Marple: Der Wachsblumenstrauß,,,DVD,,,
251,Miss Marple: Mörder Ahoi,,,DVD,,,
252,Miss Marple: Vier Frauen und ein Mord,,,DVD,,,
253,Mission Impossible III,,,DVD,,,
254,Mission Impossible III,,,DVD,,,
255,Mister & Misses Smith,,,DVD (Silverdisc),,,
256,Mondscheintarif,,,DVD (Silverdisc),,,
257,Mord im Weißen Haus,,,DVD (Silverdisc),,,
258,Mord im Weißen Haus,,,DVD,,,
259,Mut zur Wahrheit,,112,DVD (TV-Movie),,,
260,National Treasure,,,DVD,,,
261,New Police Story,,118,DVD (TV-Movie),,,
262,Next,,,DVD,,,
263,Nicht auflegen,,,DVD (Silverdisc),,,
264,No Country For Old Men,,,BluRay,,,
265,Oben,,,BluRay,,,
266,Ocean's Eleven,,,DVD,,,
267,Ocean's Thirteen,,,DVD,,,
268,One Hour Photo,,92,DVD (TV-Movie),,,
269,Ong-Bak,,,DVD (Silverdisc),,,
270,Operation: Broken Arrow,,104,DVD (TV-Movie),,,
271,Orange County,,79,DVD (TV-Movie),,,
272,Original Sin,,112,DVD (TV-Movie),,,
273,Oxford Murders,,,BluRay,,,
274,P.S. Ich liebe Dich,,,DVD,,,
275,Payback,,,DVD (Silverdisc),,,
276,Per Anhalter durch die Galaxis,,,DVD (Silverdisc),,,
277,Pirates Of The Caribbean: Am Ende der Welt,,,DVD,,,
278,Planet der Affen,,,DVD (Silverdisc),,,
279,Presidio,,,DVD (Silverdisc),,,
280,Project: Peacemaker,,119,DVD (TV-Movie),,,
281,Rainmaker,,130,DVD (TV-Movie),,,
282,Rambo Trilogy,,,DVD,,,
283,Ratatouille,,,DVD,,,
284,RED,,,DVD,,,
285,Revenge Of The Worrior,,86,DVD (TV-Movie),,,
286,Ricochet,,,DVD (Silverdisc),,,
287,Riddick,,,DVD,,,
288,Rio Bravo,,,DVD (Silverdisc),,,
289,Ritter aus Leidenschaft,,,DVD (Silverdisc),,,
290,Robin Hood,,,DVD (Silverdisc),,,
291,Robots,,,DVD,,,
292,Rocky,The Complete Saga,,DVD,,,
293,Ruby & Quentin,,,DVD,,,
294,Rumour Has It,,,DVD,,,
295,S.W.A.T.,,,DVD,,,
296,Sag' kein Wort,,,DVD,,,
297,Satate Of Play,Stand der Dinge,,BluRay,,,
298,Schatten der Wahrheit,,124,DVD (TV-Movie),,,
299,Schiffsmeldungen,,,DVD (Silverdisc),,,
300,Schnappt Shorty,,,DVD,,,
301,School Of Rock,,,DVD,,,
302,Schräger als Fiction,,,DVD,,,
303,Schwer verliebt,,,DVD (Silverdisc),,,
304,Schwerter des Königs,,,DVD,,,
305,Shaft,,,DVD,,,
306,Shrek - Der tollkühne Held,,,DVD (Silverdisc),,,
307,Shrek 2 - Der tollkühne Held kehrt zurück,,,DVD,,,
308,Sieben,,,DVD (Silverdisc),,,
309,Sieben Jahre in Tibet,,129,DVD (TV-Movie),,,
310,Signs,,,DVD (Silverdisc),,,
311,Smokin' Aces,,,DVD,,,
312,Snakes On A Plane,,,DVD,,,
313,So weit die Füsse tragen,,152,DVD (TV-Movie),,,
314,Solaris,,94,DVD (TV-Movie),,,
315,Spanglish,,,DVD,,,
316,Speed,,,DVD (Silverdisc),,,
317,Spurlos,,92,DVD (TV-Movie),,,
318,Spurlos,,,DVD (Silverdisc),,,
319,Spurwechsel,,,DVD,,,
320,Staatsfeind Nr. 1,,,DVD (Silverdisc),,,
321,Stadtgespräch,,,DVD,,,
322,Star Trek,,,DVD,,,
323,Star Trek V,Am Rande des Universums,,DVD,,,
324,Star Trek VI,Das unentdeckte Land,,DVD,,,
325,Star Trek: Der Aufstand,,,DVD,,,
326,Star Trek: Der erste Kontakt,,,DVD,,,
327,Star Trek: Treffen der Generationen,,,DVD,,,
328,Star Wars Episode II,,,DVD (Silverdisc),,,
329,Star Wars Episode III,,,DVD (Silverdisc),,,
330,Star Wars Episode IV,,,DVD (Silverdisc),,,
331,Stichtag,,,BluRay,,,
332,Stieg Larsson: Verblendung,,,DVD,,,
333,Stieg Larsson: Verdammnis,,,BluRay,,,
334,Stieg Larsson: Vergebung,,,BluRay,,,
335,Stirb langsam,,,DVD (Silverdisc),,,
336,Stirb langsam 2,,,DVD (Silverdisc),,,
337,Stirb Langsam 4.0,,,DVD,,,
338,Stirb Langsam: Jetzt erst Recht,,,DVD,,,
339,Straight Shooter,,83,DVD (TV-Movie),,,
340,Street Kings,,,DVD,,,
341,Swing Vote,Die beste Wahl,,BluRay,,,
342,Syriana,,,DVD,,,
343,Tatsächlich…Liebe,,,DVD,,,
344,Taxi,,85,DVD (TV-Movie),,,
345,Taxi 3,,82,DVD (TV-Movie),,,
346,Taxi Taxi,,85,DVD (TV-Movie),,,
347,Terminator,,,DVD (Silverdisc),,,
348,Terminator,Die Erlösung,,BluRay,,,
349,Terminator 2,,,DVD (Silverdisc),,,
350,Terminator 3,,,DVD (Silverdisc),,,
351,The Art Of War,,,DVD,,,
352,The Blair Witch Project,,78,DVD (TV-Movie),,,
353,The Body,,,DVD (Silverdisc),,,
354,The Book Of Eli,,,BluRay,,,
355,The Code,,103,BluRay (TV-Movie),,,
356,The Contract,Du kannst niemandem vertrauen,,BluRay,,,
357,The Dark Knight,,,BluRay,,,
358,The DaVinci Code,,,DVD,,,
359,The Day After Tomorrow,,,DVD (Silverdisc),,,
360,The Departed,,,DVD (Silverdisc),,,
361,The Fast & The Furious,Teil I - V,,BluRay,,,
362,The Fighting Temptations,,,DVD,22.01.2012,,
363,The Final Cut,Tödliches Risiko,96,DVD (TV-Movie),,,
364,The Fugitive,,,DVD (Silverdisc),,,
365,The Good Girl,,,DVD,,,
366,The Green Mile,,,DVD (Silverdisc),,,
367,The Hard Way,,,DVD (Silverdisc),,,
368,The Hitcher,,80,DVD (TV-Movie),,,
369,The Italian Job,Jadg auf Millionen,106,DVD (TV-Movie),,,
370,The King's Speech,,,BluRay,,,
371,The Line,,91,DVD (TV-Movie),,,
372,The One,,81,DVD (TV-Movie),,,
373,The Return Of The Pink Panther,,,DVD (Silverdisc),,,
374,The Rock,,,DVD,,,
375,The Score,,,DVD (Silverdisc),,,
376,The Sentinel,Wem kannst Du trauen ?,,DVD,,,
377,The Third Wave,Die Verschwörung,114,DVD (TV-Movie),,,
378,The Transporter,,,BluRay,,,
379,The Transporter 3,,,BluRay,,,
380,The Transporter: The Mission,,,BluRay,,,
381,The Untouchables,Die Unbestechlichen,115,DVD (TV-Movie),,,
382,The Weather Man,,,DVD,,,
383,The Wedding-Singer,,,DVD (Silverdisc),,,
384,Three Kings,,,DVD,,,
385,Timeline,,,DVD (Silverdisc),,,
386,Tödliche Diamanten,Ein perfekter Raub,93,DVD (TV-Movie),,,
387,Tödliche Entscheidung,,112,DVD (TV-Movie),,,
388,Tödliche Versprechen,,97,DVD (TV-Movie),,,
389,Tödliches Vertrauen,,86,DVD (TV-Movie),,,
390,Tomb Raider,Die Wiege des Lebens,117,DVD (TV-Movie),,,
391,Toy Story,,,DVD,,,
392,Toy Story 2,,,DVD,,,
393,Traffic,,,DVD (Silverdisc),,,
394,Training Day,,,DVD,,,
395,Trainspotting,,,DVD,,,
396,Tränen der Sonne,,,DVD (Silverdisc),,,
397,Traumschiff Surprice Periode 1,,,DVD (Silverdisc),,,
398,Trauzeuge gesucht,,,BluRay,,,
399,Tropic Thunder,,,BluRay,,,
400,Twisted,,93,DVD (TV-Movie),,,
401,Two Weeks Notice,,,DVD (Silverdisc),,,
402,Under Suspicion,Mörderisches Spiel,,DVD (Silverdisc),,,
403,Underworld,,116,DVD (TV-Movie),,,
404,Unsere Erde,,,BluRay,,,
405,Unstoppable,Ausser Kontrolle,,BluRay,,,
406,Unterwegs mit Jungs,,,DVD (Silverdisc),,,
407,Vengeance,,99,DVD (TV-Movie),,,
408,Verhandlungssache,,134,DVD (TV-Movie),,,
409,Verlockende Falle,,108,DVD (TV-Movie),,,
410,Von Löwen Und Lämmern,,,DVD,,,
411,Wall Street,,,DVD,,,
412,Wallace & Gromit,The complete collection,,BluRay,,,
413,Wallstreet 1 & 2,,,BluRay,,,
414,Was Frauen wollen,,,DVD (Silverdisc),,,
415,Wasabi,Ein Bulle in Japan,90,DVD (TV-Movie),,,
416,Wehrlos,,,DVD (Silverdisc),,,
417,Where The Money Is,Ein heißer Coup,85,DVD (TV-Movie),,,
418,Wie im Himmel,,,DVD,,,
419,Wie werde ich ihn los in 10 Tagen,,,DVD (Silverdisc),,,
420,Wie werde ich ihn los in 10 Tagen,,,DVD,,,
421,Wo ist Fred ?,,107,DVD (TV-Movie),,,
422,"Woher weisst Du, dass es Liebe ist ?",,,BluRay,,,
423,X-Men,,,DVD,,,
424,X-Men 2,,,DVD,,,
425,X-Men 3,Der letzte Widerstand,,DVD,,,
426,XXX,,,DVD,,,
427,XXX The next level,,,DVD,,,
428,Zoolander,,85,DVD (TV-Movie),,,
429,Zusammen ist man weniger allein,,,DVD,,,
430,Zwei glorreiche Hallunken,,,DVD,,,
431,ZweiOhrKüken,,,BluRay,,,
432,Zwölf Runden,Extended version,105,DVD (TV-Movie),,,
433,Die Firma,,,VideoCD,,,
434,Ein Offizier und Gentleman,,,VideoCD,,,
435,Silver,,,VideoCD,,,
436,Star Trek,Treffen der Generationen,,VideoCD,,,
437,Star Trek III,Auf der Suche nach Mr. Spock,,VideoCD,,,
438,Star Trek II,Der Zorn des Khan,,VideoCD,,,
439,Star Trek I,,,VideoCD,,,
440,Das Kartell,,,VideoCD,,,
441,Jagd auf Roter Oktober,,,VideoCD,,,
442,Schlafes Bruder,,,VideoCD,,,
443,Mit stälerner Faust,,,VideoCD,,,
444,Top Gun,,,VideoCD,,,
445,Star Wars Episode V,The Empire Strikes Back,,DVD (Silverdisc),,,
446,Star Wars Episode VI,Return Of The Jedi,,DVD (Silverdisc),,,
447,The Jacket,,99,DVD (TV-Movie),,,
448,Kick It Like Beckham,,112,DVD (TV-Movie),,,
449,Philadelphia,,,DVD (Silverdisc),,,
450,Gettysburgh,,,DVD (Silverdisc),,,
451,Alamo,,,DVD (Silverdisc),,,
452,Rio Lobo,,,DVD (Silverdisc),,,
453,Indiana Jones: Der letzte Kreuzzug,,,DVD (Silverdisc),,,
454,Indiana Jones und der Tempel des Todes,,,DVD (Silverdisc),,,
455,Indiana Jones: Jäger des verlorenen Schatzes,,,DVD (Silverdisc),,,
456,Die Ritter der Tafelrunde,,,DVD (Silverdisc),,,
457,Gods and Generals,,,DVD (Silverdisc),,,
458,Die Firma,,,DVD (Silverdisc),,,
459,Michael Collins,,,DVD (Silverdisc),,,
460,Der 13. Krieger,,,DVD (Silverdisc),,,
461,A.I. Künstliche Intelligenz,,,DVD (Silverdisc),,,
462,Die Akte,,,DVD (Silverdisc),,,
463,Top Gun,,,DVD (Silverdisc),,,
464,One Bridge Too Far,,,DVD (Silverdisc),,,
465,Das Boot,Directors Cut,,DVD (Silverdisc),,,
466,Blues Brothers,,,DVD (Silverdisc),,,
467,James Bond: Golden Eye,,,DVD (Silverdisc),,,
468,Die Reise des jungen Ché,,,DVD (Silverdisc),,,
469,Die Wiege der Sonne,,124,DVD (TV-Movie),,,
470,Resident Evil,,96,DVD (TV-Movie),,,
471,Open Range,,133,DVD (TV-Movie),,,
472,Pulp Fiction,,148,DVD (TV-Movie),,,
473,Sky Fighters,,97,DVD (TV-Movie),,,
474,Mindhunters,,102,DVD (TV-Movie),,,
475,Fräulein Smillas Gespühr für Schnee,,,DVD (Silverdisc),,,
476,Black Hawk Down,,,DVD (Silverdisc),,,
477,Stunde der Patrioten,,,DVD (Silverdisc),,,
478,A Beautiful Mind,,,DVD (Silverdisc),,,
479,Spiel mir das Lied vom Tod,,,DVD (Silverdisc),,,
480,Das dreckige Duzend,,,DVD (Silverdisc),,,
481,Die Jury,,,DVD (Silverdisc),,,
482,Beverly Hills Cop,,,DVD (Silverdisc),,,
483,Beverly Hills Cop 2,,,DVD (Silverdisc),,,
484,Vera Cruz,,,DVD (Silverdisc),,,
485,Catch Me If You Can,,,DVD (Silverdisc),,,
486,Stadt der Engel,,,DVD (Silverdisc),,,
487,Der Klient,,,DVD (Silverdisc),,,
488,Der Club der Toten Dichter,,,DVD (Silverdisc),,,
489,Glory,,,DVD (Silverdisc),,,
490,Pretty Woman,,,DVD (Silverdisc),,,
491,Glauben ist alles,,,DVD (Silverdisc),,,
492,Sister Act,,,DVD (Silverdisc),,,
493,50 erste Dates,,,DVD (Silverdisc),,,
494,Während Du schliefst,,,DVD (Silverdisc),,,
495,Mars Attacks,,,DVD (Silverdisc),,,
496,American Pie,,,DVD (Silverdisc),,,
497,Mickey Blue Eyes,,,DVD (Silverdisc),,,
498,Das Leben des Bryan,,,DVD (Silverdisc),,,
499,Shrek III,,,DVD (Silverdisc),,,
500,Manche mögen's heiß,,,DVD (Silverdisc),,,
501,Mr. Bean,DVD 1 - 3,,DVD (Silverdisc),,,
502,Die Flucht,,,DVD (Silverdisc),,,
503,Gottes Werk und Teufels Beitrag,,,DVD (Silverdisc),,,
504,Braveheart,,,DVD (Silverdisc),,,
505,Gladiator,,,DVD (Silverdisc),,,
506,Luther,,,DVD (Silverdisc),,,
507,Das merkwürdige Verhalten geschlechtsreifer,Großstädter zur Paarungszeit,,DVD (Silverdisc),,,
508,Instinct,,,DVD (Silverdisc),,,
509,Notting Hill,,,DVD (Silverdisc),,,
510,Good Will Hunting,,,DVD (Silverdisc),,,
511,About Schmidt,,,DVD (Silverdisc),,,
512,Zugvögel,,,DVD (Silverdisc),,,
513,Ocean's 12,,,DVD (Silverdisc),,,
514,Wild Things,,,DVD (Silverdisc),,,
515,Tote tragen keine Karos,,,DVD (Silverdisc),,,
516,Das Netz,,,DVD (Silverdisc),,,
517,Panic Room,,,DVD (Silverdisc),,,
518,Die Verurteilten,,,DVD (Silverdisc),,,
519,Windtalkers,,,DVD (Silverdisc),,,
520,Der Patriot,,,DVD (Silverdisc),,,
521,Lola rennt,,,DVD (Silverdisc),,,
522,Schokolade zum Frühstück,,,DVD (Silverdisc),,,
523,Poseidon,,,DVD (Silverdisc),,,
524,Wir waren Helden,,,DVD (Silverdisc),,,
525,Die Echolon Verschwörung,Sicherheit hat ihren Preis,101,DVD,,,
526,Abwärts,,83,DVD,,X,
527,Rio,,92,DVD,,,
528,What A Man,,91,DVD,,X,
529,X-Men: Erste Entscheidung,,126,DVD,,X,
530,The Tourist,Traue niemals einer schönen Fremden,99,DVD,,X,
531,Black Swan,,104,DVD,,X,
532,Bad Teacher,"Was Du von ihr lernst, steht in keinem Buch",94,DVD,,,
533,Schimanski: Zahn um Zahn,,91,DVD,,,
534,Schimanski: Zabou,,102,DVD,,,
535,Oxford Murders,,104,DVD (TV-Movie),,X,
536,Tödliches Kommando,The Hurt Locker,131,BluRay (TV-Movie),,X,
537,Traitor,,110,DVD (TV-Movie),,X,
538,Point Blank,Aus kurzer Distanz,85,BluRay (TV-Movie),,,
539,Mr. Brooks,Der Mörder in Dir,115,BluRay (TV-Movie),,X,
540,Shutter Island,Diese Insel wirst Du nie verlassen,138,BluRay (TV-Movie),,X,
541,Hitman,Jeder stirbt alleine,86,DVD (TV-Movie),,X,
542,600 Kilo Pures Gold,Apokalypse im Dschungel,95,BluRay,,X,
543,72 Stunden,The Next Three Days,133,BluRay,,,
544,Léon – Der Profi,Ultimate Edition,133,BluRay,,,
545,Pakt der Rache,,105,BluRay,,,
546,Blitz,Cop-Killer vs. Killer-Cop,98,BluRay,,X,
547,Planet der Affen,Prevolution,105,BluRay,,X,
548,Mission Impossible: Phantom Protokoll,,133,BluRay,,,
549,Gesetz der Rache,"Ein Mann, der alles verloren hat, ist zu allem fähig",108,BluRay,,,
550,The Expendables,Extended Director's Cut,114,BluRay,,,
551,Das A-Team – Der Film,Extended Cut,119,BluRay,,,
552,The Mechanic,Jeder Job hat seinen Preis,92,BluRay,,,
553,Inception,,148,BluRay,,,
554,Whistleblower,In gefährlicher Mission,112,BluRay,,,
555,Killer Elite,Möge der Beste überleben,116,BluRay,,,
556,Shooter,,126,BluRay,,,
557,Hangover 2,,102,BluRay,,X,
558,Hangover,Extended Cut,108,BluRay,,,
559,Wer ist Hanna?,,111,BluRay,,,
560,Timecrimes,,88,DVD (TV-Movie),,X,
561,Gesetz der Strasse,Brooklyn's Finest,127,DVD (TV-Movie),,X,
562,Brothers,"Zwei Brüder ,eine Liebe",100,DVD (TV-Movie),,X,
563,R.I.F.,Ich werde Dich finden,86,DVD (TV-Movie),,X,
564,After Life,,99,DVD (TV-Movie),,X,
565,Jobkiller,,117,DVD (TV-Movie),,X,
566,Spiel mit der Angst,,91,DVD (TV-Movie),,X,
567,Julia's Eyes,,112,DVD (TV-Movie),,X,
568,Chloe,,92,DVD (TV-Movie),,X,
569,The Killing Floor,,94,DVD (TV-Movie),,X,
570,Trust,Die Spur führt ins Netz,101,DVD (TV-Movie),,X,
571,Das Recht auf Rache,Im Fadenkreuz des Clans,117,DVD (TV-Movie),,X,
572,Auf brennender Erde,,102,DVD (TV-Movie),,X,
573,How I Met Your Mother,Season 1 – 6,,DVD,,,
574,Stirb Langsam 4.0,,129,BluRay,,,
575,SALT,Wer ist Salt?,104,BluRay,,,
576,The Ledge,Am Abgrund,101,BluRay,,,
577,Irgendwann in Mexico,,102,BluRay,,,
578,Looper,,119,BluRay,,,
579,Faster,"Gerechtigkeit ist schnell, Rache ist schneller",98,BluRay,,,
580,In Time,Deine Zeit läuft ab,109,BluRay,,,
581,The Grey,Unter Wölfen,117,BluRay,,X,
582,Deutschland von oben,,280,BluRay,,,
583,Die Lincoln Verschwörung,,122,BluRay,,X,
584,Das Bourne Vermächtnis,,135,BluRay,,,
585,Battleship,,131,BluRay,,,
586,Ruby & Quentin,Der Killer und die Klette,84,DVD,,,
587,The Big Bang Theory,Season 1,,DVD,,,
588,The Big Bang Theory,Season 2,,DVD,,,
589,The Big Bang Theory,Season 3,,DVD,,,
590,The Big Bang Theory,Season 4,,DVD,,,
,RED 2,,,DVD (T),,,
,Sabotage,,,DVD (T),,,
,Game of Thrones,Season 3,,DVD (T),,,
,96 Hours - Taken 2,,,DVD (T),,,
,White House Down,,,DVD (T),,,
,Numbers Station,,,DVD (T),,,
,2Guns,,,DVD (T),,,
,Last Vegas,,,DVD (T),,,
,Malavita - Die Familie,,,DVD (T),,,
,Tribute von Panem: Catching Fire,,,DVD (T),,,
,Auge um Auge,,,BR (T),,,
,300: Rise of an empire,,,BR (T),,,
,Non-Stop,,,BR (T),,,
,Die Schaden Freundinnen,,,DVD (T),,,
,Trancende,,,DVD (T),,,
,Escape Plan,,,DVD (T),,,
,Homefront,,,BR (T),,,
,Snitch - Ein riskanter deal,,,BR (T),,,
,Das hält kein Jahr,,,BR (T),,,
,Reasonable Doubt,,,BR (T),,,
,Wir sind die Millers,,,BR (T),,,
,Das Erstaunliche Leben des Walter Mitty,,,BR (T),,,
,Pacific Rim,,,BR (T),,,
,Payback,Heute ist Zahltag,,BluRay,,,
,Safe,Todsicher,,BluRay,,,
,Stirb Langsam - Ein guter Tag zum Sterben,,,BluRay,,,
,The American,,,BluRay,,,
,War,,,BluRay,,,
,Red Dawn,,,BluRay,,,
,Bad Neighbours,,,BR (T),,,
,The Double,,,BR (T),,,
,Hangover 3,,,BR (T),,,
,Snowpearcer,,,BR (T),,,
,Soldiers of fortune,,,BluRay,,,
,The Watch,Nachbarn der 3. Art,,BluRay,,,
,The Town,Stadt ohne Gnade,,BluRay,,,
,Operation: Kingdom,,,BluRay,,,
,Trust,Die Spur führt ins Netz,,BluRay,,,
,The Guard,,,BluRay,,,
,Cloudy with a chance of meetballs 2,,,BR (T),,,
,The return of the first Avenger,,,BR (T),,,
,Rio 2,,,BR (T),,,
,G.I. Joe - Retaliation,,,BR (T),,,
,Zugelassen,Gib der Liebe eine Chance,,BR (T),,,
,Broken City,,,BR (T),,,
